round,bracket,player1,player2,winner,result
1,W,Spectrus745,Elias PSY,Elias PSY,1 - 2
1,W,Bluedeon,Maxouille,Maxouille,0 - 2
1,W,Fabionacci,Bicyclarv,Fabionacci,2 - 0
1,W,Rubyblood,Amphinoe,Rubyblood,2 - 0
1,W,PJ,Raph369,Raph369,0 - 2
1,W,Altthiel,Hiro',Hiro',1 - 2
1,W,Rytho,AlessLeRat,Rytho,Forfeit
1,W,Iggep,Torvik,Torvik,Coinflip
1,W,Vanath,Zwale,Vanath,2 - 1
1,W,Sayuze,Jhcardinals,Jhcardinals,1 - 2
1,W,Bea,MRaikou,Bea,2 - 1
1,W,Royal,Gravity Monkey,Royal,Forfeit
1,W,Chirac,Mimikyu Stardust,Mimikyu Stardust,0 - 2
1,W,Marty,BetterGreen,Marty,2 - 0
1,W,Shadowtime,Guxo,Shadowtime,2 - 1
1,W,Cicada,BIHI,BIHI,0 - 2
1,W,Yakufu,Illianes,Illianes,1 - 2
1,W,Ditwo,Slita,Ditwo,2 - 0
1,W,Boudys,Qsml,Qsml,0 - 2
1,W,Emrane,Jimcf,Emrane,2 - 0
1,W,Suwuki,Pheo,Pheo,0 - 2
1,W,MewEnRage,Fantominus,Fantominus,1 - 2
1,W,Redviolet,HikozaruGG,HikozaruGG,0 - 2
1,W,Qwark,Foufakirby,Foufakirby,1 - 2
1,W,Diazlec,Shinytra,Shinytra,1 - 2
1,W,Staymox,Ikra,Ikra,1 - 2
1,W,Roken,Blunder,Blunder,Coinflip
1,W,Thetrueneeko,Mada,Mada,0 - 2
1,W,Aubeloup07,Horodro,Horodro,Activity
1,W,Typhlow,Stellar Flares,Stellar Flares,0 - 2
1,W,Nassim,RuStaar,Nassim,2 - 0
1,W,FROL1,Kylhor,FROL1,2 - 1
1,W,Hats,Eoward,Eoward,0 - 2
1,W,ZardAce1,Zeyn John,ZardAce1,2 - 1
1,W,Carkoala,Sick69,Carkoala,2 - 1
1,W,Antho17,Ombrarch,Ombrarch,1 - 2
1,W,Infernox,Dangerpublic,Dangerpublic,Forfeit
1,W,Welli0u,Tuthur,Welli0u,2 - 0
1,W,VloneVictini,Akalli,Akalli,1 - 2
1,W,CreateurFou,Chicos,CreateurFou,2 - 1
1,W,Le Denis,xSquAre,Le Denis,2 - 0
1,W,Smouky,Totom22,Smouky,2 - 1
1,W,Stixxe,Trihydre,Trihydre,0 - 2
1,W,JiRoK,Norgesveldet,Norgesveldet,Coinflip
1,W,HaxxSel,Smd210,Smd210,Activity
1,W,Pasy_g,LoveVeluza,LoveVeluza,1 - 2
1,W,Mystsuki,Maxou1239,Maxou1239,0 - 2
1,W,Poulet en sauce,Xerneas2,Poulet en sauce,2 - 1
1,W,Cptn_Fayot,Alkione,Alkione,0 - 2
1,W,Lexagileluck,Zerwixo,Zerwixo,1 - 2
1,W,Capitaine Itsu,Bereng0,Capitaine Itsu,2 - 0
1,W,Platum,JeanChasuble,Platum,2 - 0
1,W,Scoptile,RoiDesRoux,Scoptile,2 - 0
1,W,Piguite,Shiru15,Piguite,2 - 1
1,W,Ifrit,Mimil,Mimil,0 - 2
1,W,Selenade,Reserviste,Selenade,2 - 1
1,W,Finalcrusader15,Boldorr,Boldorr,0 - 2
1,W,Beleth,Sbaffland,Beleth,2 - 1
1,W,DaMMu,Martlink08,DaMMu,2 - 0
1,W,Emillyon,Junkhead,Emillyon,2 - 1
1,W,Yovan,766645,Yovan,2 - 0
1,W,Originality,Takkersss,Originality,2 - 0
1,W,Antonazz,Zewirak,Antonazz,Activity
1,W,Exiline,Shiif,Shiif,0 - 2
1,W,Lightniong,HPtheswag,HPtheswag,Activity
1,W,GoldJoKer28,Shiritu,GoldJoKer28,Forfeit
1,W,CMDoge,Albertballs,CMDoge,2 - 0
1,W,Leavers,SM,Leavers,2 - 1
1,W,Crowlignt,Sb13001,Crowlignt,Activity
1,W,Exodia,Oreotrague,Exodia,2 - 1
1,W,Debuderecq,Constantap,Debuderecq,2 - 0
1,W,Buuditz,Juan,Juan,0 - 2
1,W,FordPrefect,Youde,FordPrefect,Coinflip
1,W,Umberto,Trezyka,Umberto,2 - 0
1,W,TPP,Ectoboggan,TPP,2 - 1
1,W,Cielau,Exo,Cielau,2 - 0
1,W,Yenseng,Elie Royale,Elie Royale,0 - 2
1,W,Pinecoishot,KPatoche,KPatoche,Activity
1,W,RANSigma,Alexthom,Alexthom,1 - 2
1,W,Ad4k,Typical_Bastard,Typical_Bastard,Forfeit
1,W,Iaoth,Kévin,Kévin,0 - 2
1,W,Elzo,Hyperbol,Hyperbol,1 - 2
1,W,PipoMielleux,Bloodclat,Bloodclat,Activity
1,W,Uber45,ReaDynn,ReaDynn,0 - 2
1,W,Pokewatch4,Aurorecristal,Pokewatch4,2 - 1
1,W,Bedal,Slikkles,Bedal,Forfeit
1,W,Sinay,L0ulstraT09,L0ulstraT09,1 - 2
1,W,Dawad,Ocktopus,Dawad,2 - 0
1,W,Kindyy,Coffy,Kindyy,Forfeit
1,W,Herosabis,UltraPenguin,Herosabis,2 - 1
1,W,LinSnow,Lumiiin,Lumiiin,0 - 2
1,W,TheLastPseudo,Wildygon,Wildygon,1 - 2
1,W,Hajrafisebbat,Unamed,Unamed,0 - 2
1,W,Pluches,Extinct,Extinct,0 - 2
1,W,Multiprise,Trace,Trace,0 - 2
1,W,Raphael800,Ahsan219,Ahsan219,1 - 2
1,W,Lizardu,MichaelderBeste,MichaelderBeste,0 - 2
1,W,OttarBerg,LuciferGT,OttarBerg,2 - 0
1,W,Ferkan,Flyinthe07,Ferkan,2 - 0
1,W,Kyoky,GammaGoGamma,GammaGoGamma,0 - 2
1,W,Azyor,Mauch2204,Azyor,2 - 1
1,W,Glaglo,Patatex,Patatex,0 - 2
1,W,Yapo,Ptitnew,Yapo,2 - 0
1,W,Yuiis,Thug Gandalf,Thug Gandalf,1 - 2
1,W,Grogr010,Thundershadow18,Grogr010,Activity
1,W,Kamisam,Uzerklu,Uzerklu,0 - 2
1,W,Mimilimi,Valcor20,Mimilimi,2 - 1
1,W,Alaba,WillyCanard,WillyCanard,0 - 2
1,W,Arakd’eau,Asirpa,Asirpa,Coinflip
1,W,FNX456,Bleacharcespada,Bleacharcespada,1 - 2
1,W,Simuxxie,Deserta_nihil,Deserta_nihil,1 - 2
1,W,Nayjar,Dude92,Nayjar,2 - 0
1,W,StazMTA,GodeSniper,StazMTA,2 - 1
1,W,Zayda,Goupignon,Zayda,2 - 0
1,W,FFDOOM,Issam,Issam,0 - 2
1,W,Futtry,Liithiium,Liithiium,Activity
1,W,Arataomega,LucioCerra,LucioCerra,0 - 2
1,W,RiyadLand,PL1222,PL1222,1 - 2
1,W,CipherOwen,S7a,S7a,Coinflip
1,W,Owany,Tailouze,Tailouze,0 - 2
1,W,Tourman,Niko,Tourman,Forfeit
1,W,zS,Zizi Festif,Zizi Festif,0 - 2
1,W,RADIOACM,Bye,RADIOACM,#N/A
1,W,Tiwai,Bye,Tiwai,#N/A
1,W,Islo94,Bye,Islo94,#N/A
1,W,VanSword,Bye,VanSword,#N/A
1,W,Philippejava,Bye,Philippejava,#N/A
1,W,Scodown,Bye,Scodown,#N/A
1,W,LesOiseaux,Bye,LesOiseaux,#N/A
1,W,Zeyku,Bye,Zeyku,#N/A
1,W,Falcu,Bye,Falcu,#N/A
1,W,Nantfrek,Bye,Nantfrek,#N/A
1,W,Fikestram,Bye,Fikestram,#N/A
1,W,Bendume,Bye,Bendume,#N/A
1,W,Lunasolaris,Bye,Lunasolaris,#N/A
1,W,Nadinep,Bye,Nadinep,#N/A
1,W,Exeloty,Bye,Exeloty,#N/A
1,W,Bloodoom,Bye,Bloodoom,#N/A
1,W,Brumirage,Bye,Brumirage,#N/A
1,W,Kebabmlml,Bye,Kebabmlml,#N/A
1,W,Dragonator67,Bye,Dragonator67,#N/A
1,W,DragonSoul,Bye,DragonSoul,#N/A
1,W,LayTheNess,Bye,LayTheNess,#N/A
1,W,LeLapinJaune,Bye,LeLapinJaune,#N/A
1,W,JimmyG9965,Bye,JimmyG9965,#N/A
1,W,Icy,Bye,Icy,#N/A
1,W,Slime900,Bye,Slime900,#N/A
1,W,RaulGB44,Bye,RaulGB44,#N/A
1,W,Abricot-Starr,Bye,Abricot-Starr,#N/A
1,W,LenaIsTrueWaifu,Bye,LenaIsTrueWaifu,#N/A
1,W,Vulpix03,Bye,Vulpix03,#N/A
1,W,Boonty88,Bye,Boonty88,#N/A
1,W,Edzi,Bye,Edzi,#N/A
1,W,Rems,Bye,Rems,#N/A
1,W,Deku216,Bye,Deku216,#N/A
1,W,Squeeby,Bye,Squeeby,#N/A
1,W,ElPadou,Bye,ElPadou,#N/A
1,W,Zoyotte,Bye,Zoyotte,#N/A
1,W,ZySwir2,Bye,ZySwir2,#N/A
1,W,Valieily,Bye,Valieily,#N/A
1,W,JspKiC,Bye,JspKiC,#N/A
1,W,TwentyTwan,Bye,TwentyTwan,#N/A
1,W,Surimi,Bye,Surimi,#N/A
1,W,Ciel,Bye,Ciel,#N/A
1,W,Navys_1,Bye,Navys_1,#N/A
1,W,Geckolando,Bye,Geckolando,#N/A
1,W,GaijinEagle,Bye,GaijinEagle,#N/A
1,W,Shiyere,Bye,Shiyere,#N/A
1,W,Yato,Bye,Yato,#N/A
1,W,Armo,Bye,Armo,#N/A
1,W,Amoledge,Bye,Amoledge,#N/A
1,W,ITAnchu,Bye,ITAnchu,#N/A
1,W,Nejma,Bye,Nejma,#N/A
1,W,P0keYann,Bye,P0keYann,#N/A
1,W,Snooze,Bye,Snooze,#N/A
1,W,TigerQuasar,Bye,TigerQuasar,#N/A
1,W,Banito13,Bye,Banito13,#N/A
1,W,Milkylex,Bye,Milkylex,#N/A
1,W,ZaraSensei,Bye,ZaraSensei,#N/A
1,W,Lily,Bye,Lily,#N/A
1,W,Savouras,Bye,Savouras,#N/A
1,W,Lougarick,Bye,Lougarick,#N/A
1,W,Naro51,Bye,Naro51,#N/A
1,W,BD,Bye,BD,#N/A
1,W,Tiftif,Bye,Tiftif,#N/A
1,W,Idomenee,Bye,Idomenee,#N/A
1,W,Haxxisntluck,Bye,Haxxisntluck,#N/A
1,W,Vixyon,Bye,Vixyon,#N/A
1,W,SylveonCM,Bye,SylveonCM,#N/A
1,W,Zoin1400,Bye,Zoin1400,#N/A
1,W,Gataen42,Bye,Gataen42,#N/A
1,W,Devin,Bye,Devin,#N/A
1,W,Souw,Bye,Souw,#N/A
1,W,ZawwYT,Bye,ZawwYT,#N/A
1,W,Rimb,Bye,Rimb,#N/A
1,W,Celestialracoon,Bye,Celestialracoon,#N/A
1,W,Fardin,Bye,Fardin,#N/A
1,W,Ugojooko,Bye,Ugojooko,#N/A
1,W,TJ,Bye,TJ,#N/A
1,W,Damflame,Bye,Damflame,#N/A
1,W,Xyldaz,Bye,Xyldaz,#N/A
1,W,Gradus,Bye,Gradus,#N/A
1,W,Nayaruu,Bye,Nayaruu,#N/A
1,W,After9Days,Bye,After9Days,#N/A
1,W,Micciu,Bye,Micciu,#N/A
1,W,Saltyrock,Bye,Saltyrock,#N/A
1,W,TekillaDragon,Bye,TekillaDragon,#N/A
1,W,BettyBeteNoire,Bye,BettyBeteNoire,#N/A
1,W,Plyzur,Bye,Plyzur,#N/A
1,W,Acii,Bye,Acii,#N/A
1,W,Remi25,Bye,Remi25,#N/A
1,W,Daharan,Bye,Daharan,#N/A
1,W,MrNotor,Bye,MrNotor,#N/A
1,W,Kthuloutre,Bye,Kthuloutre,#N/A
1,W,KSr,Bye,KSr,#N/A
1,W,Lostmemories,Bye,Lostmemories,#N/A
1,W,RDP,Bye,RDP,#N/A
1,W,Flabeauf,Bye,Flabeauf,#N/A
1,W,Lvnd,Bye,Lvnd,#N/A
1,W,Manisj,Bye,Manisj,#N/A
1,W,Zenomium,Bye,Zenomium,#N/A
1,W,Aelleden,Bye,Aelleden,#N/A
1,W,Madara66,Bye,Madara66,#N/A
1,W,Hacquelebac,Bye,Hacquelebac,#N/A
1,W,Velsard,Bye,Velsard,#N/A
1,W,Lokifan,Bye,Lokifan,#N/A
1,W,Rhoggou,Bye,Rhoggou,#N/A
1,W,Flo la Poule,Bye,Flo la Poule,#N/A
1,W,Dessmond,Bye,Dessmond,#N/A
1,W,Wappy,Bye,Wappy,#N/A
1,W,HE4TR4N,Bye,HE4TR4N,#N/A
1,W,Belefeb,Bye,Belefeb,#N/A
1,W,Lemonstre1,Bye,Lemonstre1,#N/A
1,W,Zenord,Bye,Zenord,#N/A
1,W,Pendulum8,Bye,Pendulum8,#N/A
1,W,Pepeduce,Bye,Pepeduce,#N/A
1,W,Wait2Seconds,Bye,Wait2Seconds,#N/A
1,W,Potatra,Bye,Potatra,#N/A
1,W,Silent waltzz,Bye,Silent waltzz,#N/A
1,W,Shogui85,Bye,Shogui85,#N/A
1,W,Jelceus,Bye,Jelceus,#N/A
1,W,RoiDadadou,Bye,RoiDadadou,#N/A
1,W,Ayleides,Bye,Ayleides,#N/A
1,W,Achimoo,Bye,Achimoo,#N/A
1,W,Hervalt,Bye,Hervalt,#N/A
1,W,Fantastomagic,Bye,Fantastomagic,#N/A
1,W,Darkologia,Bye,Darkologia,#N/A
1,W,Dunoks,Bye,Dunoks,#N/A
1,W,Battleboss,Bye,Battleboss,#N/A
1,W,BushiTV,Bye,BushiTV,#N/A
1,W,JustAJynx,Bye,JustAJynx,#N/A
1,W,Thoutmoisis,Bye,Thoutmoisis,#N/A
1,W,Zenadark,Bye,Zenadark,#N/A
1,W,Coucouille,Bye,Coucouille,#N/A
1,W,Drattix,Bye,Drattix,#N/A
1,W,Rino,Bye,Rino,#N/A
2,W,Ayleides,Flo la Poule,Ayleides,Coinflip
2,W,ReaDynn,Lvnd,Lvnd,1 - 2
2,W,Velsard,Uzerklu,Uzerklu,0 - 2
2,W,Madara66,Tailouze,Tailouze,Forfeit
2,W,Aelleden,Qsml,Qsml,Forfeit
2,W,Fardin,Snooze,Fardin,2 - 1
2,W,BIHI,Dunoks,BIHI,Forfeit
2,W,Nassim,Haxxisntluck,Nassim,2 - 1
2,W,Damflame,ZawwYT,Damflame,2 - 0
2,W,KSr,Cielau,Cielau,0 - 2
2,W,Emillyon,Zerwixo,Zerwixo,0 - 2
2,W,HikozaruGG,Piguite,HikozaruGG,2 - 0
2,W,Drattix,Thug Gandalf,Thug Gandalf,1 - 2
2,W,Nayaruu,ZardAce1,Nayaruu,Forfeit
2,W,Slime900,Ahsan219,Ahsan219,0 - 2
2,W,Milkylex,Lumiiin,Milkylex,2 - 0
2,W,Grogr010,Mada,Mada,0 - 2
2,W,Emrane,Micciu,Micciu,0 - 2
2,W,Issam,BettyBeteNoire,BettyBeteNoire,Activity
2,W,Alexthom,Asirpa,Alexthom,Activity
2,W,Leavers,Shadowtime,Leavers,Forfeit
2,W,Raph369,Surimi,Surimi,1 - 2
2,W,GaijinEagle,Eoward,Eoward,Forfeit
2,W,Zenomium,Remi25,Zenomium,2 - 1
2,W,Philippejava,Kthuloutre,Kthuloutre,0 - 2
2,W,MrNotor,Bendume,Bendume,1 - 2
2,W,Welli0u,Rems,Welli0u,2 - 0
2,W,Dessmond,Originality,Originality,1 - 2
2,W,Azyor,TekillaDragon,Azyor,Activity
2,W,Shinytra,Hyperbol,Hyperbol,0 - 2
2,W,Wildygon,Abricot-Starr,Wildygon,Activity
2,W,Dangerpublic,VanSword,VanSword,1 - 2
2,W,HPtheswag,Wait2Seconds,HPtheswag,2 - 0
2,W,Tourman,Achimoo,Achimoo,1 - 2
2,W,Zoin1400,JustAJynx,JustAJynx,1 - 2
2,W,Exodia,Elias PSY,Elias PSY,0 - 2
2,W,Bloodclat,Ferkan,Bloodclat,2 - 1
2,W,Nantfrek,ElPadou,ElPadou,1 - 2
2,W,Bea,Mimil,Mimil,Coinflip
2,W,Scodown,Vanath,Vanath,1 - 2
2,W,Shogui85,Ikra,Ikra,1 - 2
2,W,Pendulum8,Bedal,Pendulum8,2 - 0
2,W,Zayda,Edzi,Edzi,Forfeit
2,W,ZaraSensei,Squeeby,ZaraSensei,2 - 0
2,W,Pokewatch4,BD,Pokewatch4,Forfeit
2,W,S7a,Geckolando,S7a,Forfeit
2,W,Plyzur,Rimb,Rimb,Forfeit
2,W,LesOiseaux,Thoutmoisis,LesOiseaux,Coinflip
2,W,GoldJoKer28,TwentyTwan,TwentyTwan,Forfeit
2,W,Gradus,Poulet en sauce,Poulet en sauce,0 - 2
2,W,TigerQuasar,Idomenee,Idomenee,1 - 2
2,W,Flabeauf,Nadinep,Flabeauf,Forfeit
2,W,Umberto,Rubyblood,Rubyblood,0 - 2
2,W,Carkoala,Deserta_nihil,Carkoala,2 - 0
2,W,Bloodoom,Zenord,Zenord,1 - 2
2,W,Trihydre,Lemonstre1,Trihydre,2 - 1
2,W,Coucouille,Dragonator67,Dragonator67,1 - 2
2,W,Fabionacci,Potatra,Fabionacci,2 - 0
2,W,Battleboss,Valieily,Valieily,Activity
2,W,Shiyere,Smouky,Shiyere,2 - 1
2,W,FordPrefect,Fikestram,Fikestram,0 - 2
2,W,OttarBerg,TPP,TPP,0 - 2
2,W,Rytho,KPatoche,Rytho,2 - 0
2,W,Tiftif,Nejma,Nejma,0 - 2
2,W,Stellar Flares,Bleacharcespada,Stellar Flares,2 - 0
2,W,PL1222,JimmyG9965,JimmyG9965,0 - 2
2,W,Kebabmlml,Maxouille,Maxouille,1 - 2
2,W,Xyldaz,Mimilimi,Xyldaz,2 - 0
2,W,LucioCerra,Zenadark,LucioCerra,2 - 0
2,W,Kindyy,BushiTV,BushiTV,0 - 2
2,W,Zeyku,Vulpix03,Zeyku,Forfeit
2,W,Islo94,Acii,Acii,Forfeit
2,W,CMDoge,Ombrarch,CMDoge,Coinflip
2,W,FROL1,Le Denis,FROL1,2 - 0
2,W,Silent waltzz,Alkione,Silent waltzz,2 - 0
2,W,Capitaine Itsu,Zizi Festif,Zizi Festif,1 - 2
2,W,LoveVeluza,Dawad,Dawad,0 - 2
2,W,Elie Royale,Rino,Elie Royale,2 - 1
2,W,Yapo,Typical_Bastard,Yapo,Forfeit
2,W,Gataen42,Antonazz,Antonazz,1 - 2
2,W,Hiro',Jhcardinals,Hiro',2 - 1
2,W,TJ,Lougarick,Lougarick,Activity
2,W,Platum,Navys_1,Platum,2 - 0
2,W,Hervalt,Trace,Hervalt,2 - 0
2,W,Norgesveldet,Ditwo,Ditwo,Activity
2,W,Daharan,Herosabis,Daharan,2 - 1
2,W,Mimikyu Stardust,Souw,Mimikyu Stardust,Forfeit
2,W,Vixyon,Ciel,Vixyon,2 - 0
2,W,Pepeduce,Ugojooko,Ugojooko,Coinflip
2,W,Smd210,MichaelderBeste,MichaelderBeste,0 - 2
2,W,GammaGoGamma,Pheo,Pheo,0 - 2
2,W,Lunasolaris,RaulGB44,RaulGB44,Activity
2,W,Falcu,Banito13,Banito13,Activity
2,W,Beleth,RoiDadadou,RoiDadadou,Activity
2,W,Illianes,RADIOACM,Illianes,2 - 0
2,W,Darkologia,Brumirage,Brumirage,0 - 2
2,W,Patatex,WillyCanard,Patatex,2 - 0
2,W,L0ulstraT09,Fantominus,L0ulstraT09,2 - 1
2,W,Extinct,Naro51,Extinct,2 - 0
2,W,Rhoggou,Fantastomagic,Rhoggou,2 - 0
2,W,Amoledge,LeLapinJaune,LeLapinJaune,0 - 2
2,W,Royal,Torvik,Torvik,1 - 2
2,W,Lily,Scoptile,Lily,2 - 0
2,W,Boldorr,LayTheNess,LayTheNess,0 - 2
2,W,RDP,Shiif,RDP,2 - 1
2,W,HE4TR4N,Lostmemories,HE4TR4N,2 - 0
2,W,Juan,Exeloty,Juan,2 - 0
2,W,Foufakirby,Horodro,Horodro,1 - 2
2,W,LenaIsTrueWaifu,Kévin,LenaIsTrueWaifu,2 - 0
2,W,P0keYann,ITAnchu,P0keYann,2 - 0
2,W,After9Days,Crowlignt,Crowlignt,0 - 2
2,W,Jelceus,ZySwir2,ZySwir2,1 - 2
2,W,Liithiium,Lokifan,Lokifan,1 - 2
2,W,Belefeb,StazMTA,Belefeb,2 - 1
2,W,Armo,Savouras,Armo,2 - 0
2,W,DragonSoul,Maxou1239,Maxou1239,1 - 2
2,W,Hacquelebac,Unamed,Unamed,0 - 2
2,W,Manisj,Tiwai,Manisj,2 - 1
2,W,Blunder,SylveonCM,SylveonCM,1 - 2
2,W,Yovan,JspKiC,Yovan,2 - 0
2,W,Marty,Icy,Marty,Activity
2,W,Yato,Deku216,Yato,2 - 0
2,W,Zoyotte,Devin,Zoyotte,Activity
2,W,Akalli,Selenade,Akalli,2 - 1
2,W,Saltyrock,Boonty88,Boonty88,1 - 2
2,W,DaMMu,CreateurFou,DaMMu,2 - 0
2,W,Celestialracoon,Wappy,Wappy,1 - 2
2,W,Debuderecq,Nayjar,Nayjar,0 - 2
4,W,Patatex,Torvik,Patatex,2 - 0
4,W,Zenord,Nassim,Nassim,0 - 2
4,W,TwentyTwan,Lougarick,Lougarick,0 - 2
4,W,BushiTV,FROL1,FROL1,0 - 2
4,W,Wappy,MichaelderBeste,MichaelderBeste,0 - 2
4,W,Ugojooko,Uzerklu,Uzerklu,0 - 2
4,W,Juan,Idomenee,Juan,2 - 0
4,W,Horodro,Zenomium,Horodro,2 - 0
4,W,Milkylex,Dragonator67,Milkylex,Activity
4,W,Shiyere,Manisj,Shiyere,2 - 1
4,W,RaulGB44,Lvnd,RaulGB44,2 - 0
4,W,LeLapinJaune,Damflame,Damflame,1 - 2
4,W,Lokifan,Acii,Lokifan,2 - 0
4,W,Poulet en sauce,Pendulum8,Poulet en sauce,2 - 0
4,W,Marty,ElPadou,Marty,2 - 1
4,W,Zoyotte,Fardin,Fardin,0 - 2
4,W,Fabionacci,Tailouze,Fabionacci,2 - 1
4,W,Dawad,Akalli,Akalli,0 - 2
4,W,Nejma,Elias PSY,Elias PSY,1 - 2
4,W,Azyor,Mada,Mada,1 - 2
4,W,Antonazz,Rubyblood,Rubyblood,1 - 2
4,W,Daharan,Edzi,Daharan,2 - 0
4,W,Micciu,Brumirage,Micciu,2 - 1
4,W,Wildygon,Bloodclat,Bloodclat,1 - 2
4,W,Boonty88,Welli0u,Welli0u,0 - 2
4,W,Belefeb,Vanath,Belefeb,2 - 1
4,W,Maxou1239,Pheo,Pheo,1 - 2
4,W,Hervalt,Zizi Festif,Zizi Festif,1 - 2
4,W,Platum,P0keYann,Platum,2 - 1
4,W,Unamed,Vixyon,Vixyon,1 - 2
4,W,RDP,Achimoo,Achimoo,Forfeit
4,W,Yato,Nayaruu,Nayaruu,Coinflip
4,W,Hyperbol,LayTheNess,Hyperbol,2 - 0
4,W,Pokewatch4,Lily,Lily,1 - 2
4,W,LucioCerra,Armo,Armo,1 - 2
4,W,Illianes,DaMMu,DaMMu,0 - 2
4,W,Kthuloutre,Carkoala,Carkoala,1 - 2
4,W,Rytho,RoiDadadou,RoiDadadou,0 - 2
4,W,CMDoge,Rhoggou,CMDoge,2 - 1
4,W,Originality,HE4TR4N,Originality,2 - 1
4,W,Bendume,Ditwo,Bendume,Activity
4,W,Flabeauf,Fikestram,Flabeauf,2 - 0
4,W,Valieily,HikozaruGG,HikozaruGG,0 - 2
4,W,Mimikyu Stardust,VanSword,Mimikyu Stardust,Coinflip
4,W,HPtheswag,ZySwir2,ZySwir2,0 - 2
4,W,Qsml,Nayjar,Nayjar,0 - 2
4,W,Elie Royale,Stellar Flares,Stellar Flares,0 - 2
4,W,Silent waltzz,Hiro',Silent waltzz,2 - 0
4,W,ZaraSensei,LesOiseaux,ZaraSensei,Activity
4,W,Rimb,Extinct,Extinct,Forfeit
4,W,LenaIsTrueWaifu,Leavers,Leavers,0 - 2
4,W,Ahsan219,TPP,Ahsan219,2 - 0
4,W,Xyldaz,SylveonCM,Xyldaz,2 - 1
4,W,Cielau,Banito13,Cielau,2 - 0
4,W,Zerwixo,BettyBeteNoire,Zerwixo,2 - 0
4,W,BIHI,Ikra,BIHI,2 - 1
4,W,Alexthom,Zeyku,Zeyku,Forfeit
4,W,Eoward,Thug Gandalf,Eoward,Activity
4,W,S7a,JimmyG9965,JimmyG9965,Activity
4,W,L0ulstraT09,Surimi,L0ulstraT09,2 - 1
4,W,Yapo,Maxouille,Maxouille,1 - 2
4,W,Trihydre,Yovan,Yovan,0 - 2
4,W,Ayleides,Crowlignt,Crowlignt,0 - 2
4,W,Mimil,JustAJynx,Mimil,2 - 0
6,W,Flabeauf,Pheo,Flabeauf,Forfeit
6,W,ZySwir2,Milkylex,Milkylex,1 - 2
6,W,Crowlignt,Juan,Juan,0 - 2
6,W,Marty,FROL1,Marty,2 - 0
6,W,Nayjar,RoiDadadou,Nayjar,2 - 0
6,W,Akalli,Mada,Akalli,2 - 0
6,W,HikozaruGG,Mimil,HikozaruGG,2 - 0
6,W,DaMMu,Uzerklu,Uzerklu,0 - 2
6,W,Welli0u,Platum,Welli0u,2 - 1
6,W,Nayaruu,Damflame,Damflame,1 - 2
6,W,Daharan,Vixyon,Vixyon,1 - 2
6,W,Fardin,Lily,Fardin,2 - 1
6,W,Carkoala,Micciu,Micciu,0 - 2
6,W,CMDoge,Extinct,Extinct,Coinflip
6,W,Zeyku,RaulGB44,RaulGB44,0 - 2
6,W,Xyldaz,Horodro,Horodro,1 - 2
6,W,Shiyere,Cielau,Shiyere,2 - 0
6,W,L0ulstraT09,Originality,Originality,1 - 2
6,W,Bendume,Leavers,Leavers,0 - 2
6,W,JimmyG9965,Poulet en sauce,JimmyG9965,2 - 0
6,W,Eoward,Armo,Armo,0 - 2
6,W,Mimikyu Stardust,Stellar Flares,Stellar Flares,1 - 2
6,W,Patatex,Elias PSY,Elias PSY,1 - 2
6,W,Zizi Festif,Achimoo,Achimoo,1 - 2
6,W,Fabionacci,Nassim,Fabionacci,2 - 1
6,W,Lougarick,Maxouille,Maxouille,0 - 2
6,W,Belefeb,Bloodclat,Bloodclat,1 - 2
6,W,BIHI,Rubyblood,BIHI,2 - 0
6,W,Silent waltzz,Yovan,Yovan,0 - 2
6,W,ZaraSensei,Zerwixo,ZaraSensei,2 - 0
6,W,Ahsan219,MichaelderBeste,Ahsan219,2 - 1
6,W,Hyperbol,Lokifan,Hyperbol,2 - 1
8,W,RaulGB44,Stellar Flares,Stellar Flares,1 - 2
8,W,Flabeauf,Milkylex,Milkylex,1 - 2
8,W,Horodro,Juan,Juan,1 - 2
8,W,Uzerklu,Marty,Marty,1 - 2
8,W,Hyperbol,Achimoo,Achimoo,0 - 2
8,W,Yovan,ZaraSensei,ZaraSensei,1 - 2
8,W,Damflame,Fabionacci,Fabionacci,0 - 2
8,W,Armo,Bloodclat,Bloodclat,0 - 2
8,W,BIHI,Originality,BIHI,2 - 0
8,W,Maxouille,JimmyG9965,Maxouille,2 - 0
8,W,Akalli,Ahsan219,Akalli,2 - 0
8,W,Micciu,Welli0u,Micciu,2 - 0
8,W,Nayjar,Leavers,Nayjar,2 - 0
8,W,Vixyon,Elias PSY,Vixyon,2 - 1
8,W,Fardin,Extinct,Fardin,2 - 0
8,W,HikozaruGG,Shiyere,HikozaruGG,2 - 1
10,W,Milkylex,Fabionacci,Fabionacci,0 - 2
10,W,Achimoo,BIHI,Achimoo,2 - 1
10,W,HikozaruGG,Nayjar,HikozaruGG,2 - 0
10,W,Micciu,Akalli,Akalli,0 - 2
10,W,Bloodclat,Fardin,Bloodclat,2 - 1
10,W,Vixyon,Marty,Marty,0 - 2
10,W,Stellar Flares,Juan,Stellar Flares,2 - 1
10,W,ZaraSensei,Maxouille,ZaraSensei,2 - 1
12,W,Akalli,Marty,Akalli,2 - 1
12,W,Achimoo,ZaraSensei,Achimoo,2 - 0
12,W,Bloodclat,HikozaruGG,HikozaruGG,0 - 2
12,W,Stellar Flares,Fabionacci,Stellar Flares,2 - 1
14,W,Achimoo,Stellar Flares,Stellar Flares,1 - 2
14,W,HikozaruGG,Akalli,Akalli,0 - 2
16,W,Akalli,Stellar Flares,Akalli,2 - 0
3,L,Altthiel,DragonSoul,DragonSoul,Activity
3,L,Icy,TekillaDragon,TekillaDragon,Coinflip
3,L,Thoutmoisis,Roken,Thoutmoisis,Activity
3,L,zS,Kévin,zS,Coinflip
3,L,CipherOwen,Zwale,Zwale,Activity
3,L,Capitaine Itsu,Tuthur,Tuthur,1 - 2
3,L,Issam,MrNotor,MrNotor,Activity
3,L,766645,Naro51,766645,2 - 1
3,L,MewEnRage,OttarBerg,MewEnRage,2 - 1
3,L,Exodia,Xerneas2,Xerneas2,0 - 2
3,L,Amphinoe,HaxxSel,Amphinoe,Activity
3,L,Herosabis,Rems,Herosabis,2 - 1
3,L,Guxo,Haxxisntluck,Guxo,Activity
3,L,Bedal,Tiwai,Bedal,2 - 1
3,L,Lightniong,Zoin1400,Zoin1400,Activity
3,L,Darkologia,JiRoK,JiRoK,Coinflip
3,L,Sb13001,BD,BD,Activity
3,L,Fantominus,Ifrit,Ifrit,1 - 2
3,L,Lexagileluck,MRaikou,Lexagileluck,2 - 0
3,L,PipoMielleux,Zayda,Zayda,Coinflip
3,L,TheLastPseudo,Piguite,TheLastPseudo,2 - 1
3,L,Thetrueneeko,Futtry,Futtry,Forfeit
3,L,Kindyy,Slime900,Slime900,1 - 2
3,L,Dude92,Owany,Owany,Forfeit
3,L,Aelleden,Nantfrek,Nantfrek,1 - 2
3,L,Sinay,Smouky,Smouky,1 - 2
3,L,Snooze,Scoptile,Scoptile,Coinflip
3,L,Junkhead,Suwuki,Junkhead,Coinflip
3,L,Geckolando,TJ,Geckolando,Coinflip
3,L,Alkione,Nadinep,Alkione,Coinflip
3,L,Staymox,Qwark,Staymox,Coinflip
3,L,Flo la Poule,Simuxxie,Simuxxie,1 - 2
3,L,Royal,Mystsuki,Royal,Activity
3,L,Shiru15,Lizardu,Lizardu,0 - 2
3,L,SM,Exo,SM,2 - 0
3,L,Spectrus745,RANSigma,Spectrus745,Forfeit
3,L,Pinecoishot,Norgesveldet,Pinecoishot,Activity
3,L,Gradus,Lunasolaris,Lunasolaris,1 - 2
3,L,Deserta_nihil,Uber45,Deserta_nihil,Activity
3,L,Glaglo,Constantap,Constantap,0 - 2
3,L,Bea,Dangerpublic,Dangerpublic,Activity
3,L,FordPrefect,Ptitnew,FordPrefect,Activity
3,L,Debuderecq,Youde,Youde,0 - 2
3,L,Pepeduce,Ocktopus,Ocktopus,Activity
3,L,Cicada,Stixxe,Cicada,2 - 1
3,L,Falcu,Wait2Seconds,Wait2Seconds,Activity
3,L,Ectoboggan,Exiline,Exiline,1 - 2
3,L,Zenadark,Aubeloup07,Zenadark,2 - 1
3,L,Bloodoom,VloneVictini,VloneVictini,1 - 2
3,L,Hacquelebac,Slita,Hacquelebac,2 - 0
3,L,Fantastomagic,Smd210,Fantastomagic,2 - 1
3,L,Coffy,Tiftif,Tiftif,Activity
3,L,Dunoks,Raphael800,Raphael800,Activity
3,L,Antho17,Kylhor,Antho17,2 - 1
3,L,Hats,Buuditz,Buuditz,Forfeit
3,L,ZardAce1,KPatoche,KPatoche,Activity
3,L,Exeloty,Cptn_Fayot,Exeloty,2 - 1
3,L,Typhlow,After9Days,After9Days,1 - 2
3,L,GoldJoKer28,Trace,Trace,Activity
3,L,Shiif,Mimilimi,Mimilimi,0 - 2
3,L,ITAnchu,Shogui85,Shogui85,0 - 2
3,L,Islo94,Shiritu,Islo94,Activity
3,L,Alaba,Thundershadow18,Alaba,Activity
3,L,Jelceus,Pluches,Pluches,1 - 2
3,L,JeanChasuble,Potatra,JeanChasuble,Activity
3,L,ZawwYT,Vulpix03,ZawwYT,Activity
3,L,Savouras,Jhcardinals,Savouras,Coinflip
3,L,Bleacharcespada,Scodown,Scodown,0 - 2
3,L,Emillyon,Iaoth,Iaoth,0 - 2
3,L,Yuiis,Albertballs,Albertballs,Coinflip
3,L,Ferkan,Rino,Ferkan,2 - 0
3,L,PL1222,LinSnow,PL1222,Forfeit
3,L,AlessLeRat,Multiprise,Multiprise,Forfeit
3,L,Sbaffland,Celestialracoon,Sbaffland,2 - 1
3,L,Raph369,CreateurFou,CreateurFou,1 - 2
3,L,Oreotrague,Tourman,Tourman,Coinflip
3,L,Dessmond,Mauch2204,Dessmond,2 - 1
3,L,Kyoky,Amoledge,Kyoky,Coinflip
3,L,LuciferGT,Navys_1,Navys_1,0 - 2
3,L,Chirac,BetterGreen,Chirac,2 - 0
3,L,Devin,PJ,Devin,Coinflip
3,L,xSquAre,Blunder,xSquAre,Forfeit
3,L,ReaDynn,Pasy_g,Pasy_g,1 - 2
3,L,Yenseng,Le Denis,Le Denis,0 - 2
3,L,Goupignon,RADIOACM,RADIOACM,1 - 2
3,L,Sayuze,RoiDesRoux,RoiDesRoux,Forfeit
3,L,GodeSniper,Plyzur,GodeSniper,Forfeit
3,L,Infernox,Jimcf,Jimcf,Coinflip
3,L,Philippejava,Battleboss,Philippejava,Coinflip
3,L,Ciel,Valcor20,Ciel,2 - 1
3,L,Sick69,Lemonstre1,Sick69,Forfeit
3,L,Martlink08,Aurorecristal,Martlink08,2 - 1
3,L,Redviolet,Ad4k,Redviolet,Activity
3,L,Umberto,GammaGoGamma,Umberto,2 - 1
3,L,Zeyn John,UltraPenguin,UltraPenguin,0 - 2
3,L,Ombrarch,Slikkles,Slikkles,Forfeit
3,L,Bluedeon,Chicos,Chicos,0 - 2
3,L,Iggep,StazMTA,StazMTA,Activity
3,L,Souw,Emrane,Emrane,Forfeit
3,L,Kamisam,Shinytra,Kamisam,Forfeit
3,L,Gataen42,Selenade,Gataen42,2 - 1
3,L,TigerQuasar,Squeeby,Squeeby,1 - 2
3,L,LoveVeluza,Typical_Bastard,LoveVeluza,Forfeit
3,L,Foufakirby,Deku216,Foufakirby,Coinflip
3,L,Elzo,Liithiium,Liithiium,1 - 2
3,L,WillyCanard,RuStaar,WillyCanard,2 - 0
3,L,Bicyclarv,Shadowtime,Bicyclarv,Forfeit
3,L,Lumiiin,RiyadLand,RiyadLand,0 - 2
3,L,Coucouille,Beleth,Beleth,0 - 2
3,L,Boudys,Kebabmlml,Kebabmlml,Coinflip
3,L,Drattix,Abricot-Starr,Drattix,2 - 0
3,L,Arakd’eau,FFDOOM,Arakd’eau,Activity
3,L,Flyinthe07,Arataomega,Flyinthe07,2 - 0
3,L,Bereng0,Trezyka,Trezyka,Coinflip
3,L,Totom22,Grogr010,Grogr010,0 - 2
3,L,Boldorr,Yakufu,Boldorr,2 - 0
3,L,Velsard,GaijinEagle,Velsard,Forfeit
3,L,Takkersss,Lostmemories,Lostmemories,Forfeit
3,L,Diazlec,FNX456,FNX456,Forfeit
3,L,KSr,Bye,KSr,#N/A
3,L,Saltyrock,Bye,Saltyrock,#N/A
3,L,Finalcrusader15,Bye,Finalcrusader15,#N/A
3,L,Gravity Monkey,Bye,Gravity Monkey,#N/A
3,L,Reserviste,Bye,Reserviste,#N/A
3,L,Remi25,Bye,Remi25,#N/A
3,L,JspKiC,Bye,JspKiC,#N/A
3,L,Hajrafisebbat,Bye,Hajrafisebbat,#N/A
3,L,Zewirak,Bye,Zewirak,#N/A
4,L,Futtry,Flyinthe07,Flyinthe07,Activity
4,L,Tiftif,Drattix,Drattix,1 - 2
4,L,Antho17,LoveVeluza,LoveVeluza,1 - 2
4,L,Thoutmoisis,Hajrafisebbat,Hajrafisebbat,Coinflip
4,L,Arakd’eau,Remi25,Remi25,Forfeit
4,L,Shogui85,Finalcrusader15,Shogui85,Forfeit
4,L,Dangerpublic,Zayda,Zayda,0 - 2
4,L,RiyadLand,UltraPenguin,RiyadLand,2 - 1
4,L,Umberto,Alkione,Umberto,2 - 1
4,L,Lexagileluck,Wait2Seconds,Wait2Seconds,0 - 2
4,L,Sbaffland,Navys_1,Navys_1,0 - 2
4,L,Junkhead,Philippejava,Junkhead,2 - 1
4,L,CreateurFou,Fantastomagic,CreateurFou,2 - 1
4,L,JspKiC,Sick69,Sick69,0 - 2
4,L,BD,Ifrit,Ifrit,Forfeit
4,L,Zewirak,FordPrefect,FordPrefect,Activity
4,L,Scodown,Liithiium,Scodown,Forfeit
4,L,Mimilimi,Amphinoe,Mimilimi,2 - 0
4,L,RoiDesRoux,Alaba,Alaba,0 - 2
4,L,Bedal,MrNotor,Bedal,2 - 0
4,L,JeanChasuble,Youde,Youde,0 - 2
4,L,Buuditz,Martlink08,Buuditz,2 - 0
4,L,KPatoche,GodeSniper,GodeSniper,Forfeit
4,L,Savouras,Tourman,Tourman,Forfeit
4,L,Nantfrek,Albertballs,Nantfrek,Forfeit
4,L,Gataen42,Xerneas2,Xerneas2,0 - 2
4,L,After9Days,Multiprise,Multiprise,0 - 2
4,L,MewEnRage,Velsard,Velsard,1 - 2
4,L,Lostmemories,Raphael800,Lostmemories,2 - 0
4,L,Deserta_nihil,Ferkan,Deserta_nihil,2 - 0
4,L,FNX456,Kamisam,Kamisam,Activity
4,L,Jimcf,Geckolando,Jimcf,2 - 1
4,L,ZawwYT,Pinecoishot,ZawwYT,Activity
4,L,Smouky,Zwale,Zwale,1 - 2
4,L,Kebabmlml,Reserviste,Kebabmlml,Activity
4,L,Chirac,TekillaDragon,Chirac,Activity
4,L,Pasy_g,Redviolet,Pasy_g,2 - 1
4,L,Squeeby,Tuthur,Tuthur,0 - 2
4,L,DragonSoul,Lizardu,Lizardu,0 - 2
4,L,Exiline,zS,Exiline,Coinflip
4,L,Islo94,Trace,Trace,Activity
4,L,TheLastPseudo,Scoptile,TheLastPseudo,2 - 1
4,L,Spectrus745,Hacquelebac,Spectrus745,Forfeit
4,L,Devin,Foufakirby,Foufakirby,Activity
4,L,Royal,Owany,Royal,2 - 0
4,L,Emrane,Ocktopus,Ocktopus,1 - 2
4,L,Zoin1400,Iaoth,Iaoth,0 - 2
4,L,Kyoky,Saltyrock,Saltyrock,0 - 2
4,L,Gravity Monkey,PL1222,Gravity Monkey,2 - 0
4,L,Beleth,Staymox,Staymox,Coinflip
4,L,Simuxxie,Bicyclarv,Simuxxie,2 - 0
4,L,Constantap,Trezyka,Constantap,2 - 0
4,L,Slime900,Pluches,Slime900,2 - 0
4,L,JiRoK,Lunasolaris,JiRoK,Coinflip
4,L,SM,xSquAre,SM,2 - 0
4,L,RADIOACM,Ciel,RADIOACM,2 - 1
4,L,Boldorr,Chicos,Chicos,0 - 2
4,L,Slikkles,Cicada,Cicada,0 - 2
4,L,Le Denis,Grogr010,Le Denis,2 - 0
4,L,Zenadark,KSr,Zenadark,2 - 1
4,L,Exeloty,Dessmond,Dessmond,0 - 2
4,L,StazMTA,Herosabis,StazMTA,2 - 0
4,L,Guxo,WillyCanard,Guxo,2 - 0
4,L,766645,VloneVictini,VloneVictini,1 - 2
5,L,Fikestram,Zenomium,Zenomium,1 - 2
5,L,Flyinthe07,LeLapinJaune,LeLapinJaune,0 - 2
5,L,Wappy,TPP,TPP,0 - 2
5,L,HE4TR4N,Le Denis,Le Denis,0 - 2
5,L,Drattix,Royal,Royal,Activity
5,L,Kamisam,Tailouze,Tailouze,0 - 2
5,L,JustAJynx,Rhoggou,Rhoggou,Coinflip
5,L,Ditwo,LucioCerra,LucioCerra,0 - 2
5,L,Navys_1,Remi25,Remi25,1 - 2
5,L,Guxo,Trace,Trace,1 - 2
5,L,RiyadLand,Wait2Seconds,Wait2Seconds,1 - 2
5,L,Zenord,LayTheNess,LayTheNess,0 - 2
5,L,Edzi,Alaba,Alaba,0 - 2
5,L,Velsard,Umberto,Umberto,0 - 2
5,L,Zwale,Wildygon,Wildygon,1 - 2
5,L,Pendulum8,S7a,S7a,0 - 2
5,L,ZawwYT,Simuxxie,Simuxxie,1 - 2
5,L,Ifrit,Hiro',Hiro',1 - 2
5,L,Dragonator67,Lizardu,Lizardu,Activity
5,L,HPtheswag,Surimi,Surimi,1 - 2
5,L,Maxou1239,Dessmond,Dessmond,0 - 2
5,L,Qsml,GodeSniper,GodeSniper,Forfeit
5,L,Valieily,SylveonCM,SylveonCM,0 - 2
5,L,Azyor,Scodown,Scodown,0 - 2
5,L,Exiline,Lvnd,Lvnd,Activty
5,L,Thug Gandalf,Slime900,Slime900,0 - 2
5,L,RDP,Hajrafisebbat,Hajrafisebbat,Forfeit
5,L,Nejma,Mimilimi,Mimilimi,0 - 2
5,L,Rimb,Elie Royale,Elie Royale,Forfeit
5,L,Zenadark,Buuditz,Buuditz,1 - 2
5,L,Tuthur,Bedal,Bedal,Coinflip
5,L,Nantfrek,LoveVeluza,LoveVeluza,1 - 2
5,L,VanSword,Alexthom,Alexthom,Coinflip
5,L,Constantap,Multiprise,Multiprise,0 - 2
5,L,Trihydre,TheLastPseudo,TheLastPseudo,0 - 2
5,L,Idomenee,StazMTA,StazMTA,1 - 2
5,L,FordPrefect,Manisj,Manisj,1 - 2
5,L,Torvik,Xerneas2,Torvik,2 - 0
5,L,Chirac,Shogui85,Chirac,2 - 0
5,L,Tourman,Ugojooko,Tourman,Activity
5,L,SM,Hervalt,SM,2 - 0
5,L,Antonazz,Pokewatch4,Antonazz,2 - 0
5,L,Spectrus745,Acii,Spectrus745,Activity
5,L,VloneVictini,Brumirage,VloneVictini,Activity
5,L,Lostmemories,Deserta_nihil,Lostmemories,Forfeit
5,L,Vanath,Sick69,Vanath,2 - 1
5,L,Kthuloutre,Rytho,Kthuloutre,2 - 0
5,L,BushiTV,Boonty88,BushiTV,2 - 0
5,L,Dawad,Yapo,Dawad,Forfeit
5,L,Ikra,RADIOACM,Ikra,2 - 0
5,L,Kebabmlml,Iaoth,Kebabmlml,2 - 1
5,L,Zayda,Staymox,Zayda,Activity
5,L,Jimcf,Youde,Youde,Forfeit
5,L,Cicada,TwentyTwan,Cicada,Forfeit
5,L,Chicos,Banito13,Chicos,2 - 0
5,L,Unamed,Zoyotte,Unamed,Forfeit
5,L,P0keYann,Foufakirby,Foufakirby,0 - 2
5,L,Ocktopus,BettyBeteNoire,Ocktopus,2 - 0
5,L,Saltyrock,ElPadou,ElPadou,0 - 2
5,L,Junkhead,LenaIsTrueWaifu,Junkhead,2 - 1
5,L,Gravity Monkey,Ayleides,Gravity Monkey,2 - 1
5,L,Illianes,CreateurFou,Illianes,2 - 1
5,L,Pasy_g,Yato,Pasy_g,Activity
5,L,JiRoK,LesOiseaux,JiRoK,Coinflip
6,L,JiRoK,Dessmond,Dessmond,Activity
6,L,Dawad,VloneVictini,Dawad,2 - 0
6,L,Ikra,Bedal,Ikra,2 - 0
6,L,Tailouze,LucioCerra,LucioCerra,0 - 2
6,L,Mimilimi,Manisj,Mimilimi,2 - 0
6,L,Surimi,Gravity Monkey,Surimi,Forfeit
6,L,StazMTA,LoveVeluza,LoveVeluza,0 - 2
6,L,Kebabmlml,Torvik,Torvik,1 - 2
6,L,Umberto,BushiTV,Umberto,2 - 0
6,L,Foufakirby,Antonazz,Antonazz,0 - 2
6,L,Remi25,Ocktopus,Remi25,2 - 0
6,L,Pasy_g,Elie Royale,Pasy_g,2 - 0
6,L,LeLapinJaune,Chirac,Chirac,0 - 2
6,L,Spectrus745,Zayda,Zayda,0 - 2
6,L,Lvnd,Junkhead,Lvnd,2 - 0
6,L,Kthuloutre,Simuxxie,Kthuloutre,2 - 1
6,L,ElPadou,Scodown,ElPadou,2 - 1
6,L,Alaba,TheLastPseudo,TheLastPseudo,1 - 2
6,L,Cicada,Tourman,Cicada,2 - 1
6,L,Buuditz,Wildygon,Buuditz,2 - 1
6,L,Chicos,LayTheNess,Chicos,2 - 0
6,L,S7a,GodeSniper,S7a,2 - 0
6,L,TPP,Zenomium,TPP,2 - 1
6,L,Royal,Youde,Royal,Activity
6,L,Lostmemories,Unamed,Unamed,0 - 2
6,L,Wait2Seconds,Vanath,Wait2Seconds,2 - 0
6,L,Alexthom,SM,SM,0 - 2
6,L,Rhoggou,Le Denis,Le Denis,1 - 2
6,L,Illianes,Hajrafisebbat,Hajrafisebbat,0 - 2
6,L,SylveonCM,Lizardu,SylveonCM,2 - 1
6,L,Trace,Multiprise,Trace,2 - 1
6,L,Slime900,Hiro',Hiro',0 - 2
7,L,Chirac,Antonazz,Chirac,2 - 1
7,L,Hiro',TheLastPseudo,Hiro',2 - 0
7,L,RoiDadadou,Surimi,RoiDadadou,2 - 0
7,L,Ikra,Pheo,Ikra,Forfeit
7,L,Nayaruu,TPP,TPP,Activity
7,L,Crowlignt,Patatex,Patatex,1 - 2
7,L,Kthuloutre,Lvnd,Kthuloutre,2 - 1
7,L,Bendume,Mada,Mada,1 - 2
7,L,L0ulstraT09,Zizi Festif,L0ulstraT09,2 - 1
7,L,LucioCerra,Lokifan,LucioCerra,2 - 0
7,L,Buuditz,SylveonCM,SylveonCM,0 - 2
7,L,Cielau,DaMMu,Cielau,2 - 0
7,L,Unamed,Torvik,Torvik,0 - 2
7,L,Royal,Dessmond,Royal,2 - 0
7,L,Carkoala,MichaelderBeste,Carkoala,2 - 0
7,L,Hajrafisebbat,Mimilimi,Mimilimi,1 - 2
7,L,Zerwixo,Lougarick,Lougarick,1 - 2
7,L,Trace,ElPadou,Trace,2 - 0
7,L,Le Denis,Wait2Seconds,Le Denis,2 - 0
7,L,Mimikyu Stardust,Rubyblood,Mimikyu Stardust,Coinflip
7,L,Pasy_g,Poulet en sauce,Pasy_g,Forfeit
7,L,Belefeb,Chicos,Chicos,Activity
7,L,Eoward,Cicada,Cicada,1 - 2
7,L,Zayda,S7a,S7a,1 - 2
7,L,FROL1,Daharan,Daharan,Forfeit
7,L,Platum,Dawad,Dawad,0 - 2
7,L,Zeyku,Xyldaz,Xyldaz,1 - 2
7,L,Mimil,Silent waltzz,Mimil,2 - 1
7,L,CMDoge,LoveVeluza,LoveVeluza,Forfeit
7,L,SM,Umberto,Umberto,0 - 2
7,L,Remi25,Lily,Remi25,2 - 0
7,L,ZySwir2,Nassim,ZySwir2,2 - 0
8,L,Ikra,Torvik,Ikra,2 - 1
8,L,Mimil,Daharan,Mimil,2 - 1
8,L,S7a,LucioCerra,S7a,2 - 0
8,L,Lougarick,Pasy_g,Lougarick,Activity
8,L,Remi25,Trace,Trace,0 - 2
8,L,Patatex,Carkoala,Carkoala,0 - 2
8,L,Xyldaz,Mada,Xyldaz,Forfeit
8,L,Royal,Umberto,Umberto,0 - 2
8,L,SylveonCM,Hiro',SylveonCM,2 - 1
8,L,ZySwir2,Cielau,Cielau,0 - 2
8,L,RoiDadadou,L0ulstraT09,RoiDadadou,2 - 0
8,L,Kthuloutre,Le Denis,Kthuloutre,2 - 0
8,L,LoveVeluza,Mimilimi,LoveVeluza,2 - 0
8,L,Mimikyu Stardust,Chirac,Chirac,1 - 2
8,L,Dawad,Chicos,Dawad,2 - 0
8,L,TPP,Cicada,Cicada,1 - 2
9,L,Ikra,Ahsan219,Ikra,2 - 0
9,L,Dawad,Extinct,Dawad,2 - 0
9,L,RoiDadadou,Horodro,RoiDadadou,2 - 1
9,L,Uzerklu,SylveonCM,SylveonCM,0 - 2
9,L,Flabeauf,Chirac,Chirac,1 - 2
9,L,Umberto,Leavers,Umberto,Forfeit
9,L,Kthuloutre,Armo,Armo,0 - 2
9,L,Cielau,Mimil,Mimil,1 - 2
9,L,Damflame,Elias PSY,Damflame,2 - 0
9,L,Originality,Trace,Originality,2 - 1
9,L,RaulGB44,S7a,RaulGB44,2 - 0
9,L,Welli0u,Xyldaz,Welli0u,2 - 0
9,L,Hyperbol,Shiyere,Hyperbol,Activity
9,L,Yovan,Carkoala,Carkoala,1 - 2
9,L,Cicada,LoveVeluza,Cicada,2 - 0
9,L,JimmyG9965,Lougarick,JimmyG9965,2 - 1
10,L,SylveonCM,Umberto,Umberto,1 - 2
10,L,Carkoala,Armo,Armo,1 - 2
10,L,Cicada,Hyperbol,Cicada,2 - 0
10,L,Welli0u,Chirac,Chirac,1 - 2
10,L,Mimil,RoiDadadou,RoiDadadou,0 - 2
10,L,Damflame,JimmyG9965,JimmyG9965,0 - 2
10,L,Ikra,RaulGB44,RaulGB44,1 - 2
10,L,Dawad,Originality,Originality,1 - 2
11,L,Milkylex,BIHI,Milkylex,2 - 0
11,L,Nayjar,JimmyG9965,Nayjar,2 - 0
11,L,Chirac,Umberto,Chirac,2 - 0
11,L,Originality,Juan,Originality,2 - 0
11,L,Maxouille,RoiDadadou,RoiDadadou,1 - 2
11,L,Cicada,Armo,Cicada,2 - 1
11,L,Micciu,Vixyon,Micciu,2 - 1
11,L,RaulGB44,Fardin,RaulGB44,2 - 1
12,L,Originality,RoiDadadou,Originality,2 - 0
12,L,Milkylex,Micciu,Milkylex,2 - 0
12,L,Nayjar,RaulGB44,Nayjar,2 - 1
12,L,Cicada,Chirac,Cicada,2 - 1
13,L,Originality,ZaraSensei,Originality,2 - 1
13,L,Cicada,Milkylex,Cicada,2 - 1
13,L,Fabionacci,Marty,Fabionacci,2 - 0
13,L,Nayjar,Bloodclat,Bloodclat,0 - 2
14,L,Fabionacci,Originality,Originality,1 - 2
14,L,Bloodclat,Cicada,Bloodclat,2 - 1
15,L,Originality,Achimoo,Achimoo,1 - 2
15,L,Bloodclat,HikozaruGG,Bloodclat,2 - 0
16,L,Achimoo,Bloodclat,Bloodclat,1 - 2
17,L,Stellar Flares,Bloodclat,Stellar Flares,2 - 1
Finale,Finale,Stellar Flares,Akalli,Akalli,0 - 3